feature,importance
lag_requests_5m,0.5844081
lag_requests_15m,0.16508564
is_burst,0.08027143
rolling_max_1h,0.04240033
hour_sin,0.026105145
rolling_mean_1h,0.021338098
hour_cos,0.017602876
burst_ratio,0.01261825
hour_of_day,0.012382747
is_event,0.011535329
lag_requests_6h,0.010410917
lag_requests_1d,0.007938373
day_of_week,0.007902762
