model,window,r2,mae,rmse,smape
hybrid,1m,0.757146916008368,10.068109408967416,13.258431761008355,30.471368234745118
hybrid,5m,0.8694400362475638,32.98961951548842,44.00284496703279,19.44269116234177
hybrid,15m,0.8963659984942578,81.10001088653601,113.50995526742557,15.25667742513343
