model,window,r2,mae,rmse,smape
lightgbm,1m,0.7364409854243241,10.417579097206922,13.763421120729143,31.629995438815744
lightgbm,5m,0.8596071571981112,34.07364887878095,45.531857135415926,20.235364079129674
lightgbm,15m,0.8979967328345392,81.2347553077523,112.46749269988871,15.31236819458221
