{
  "r2": 0.8596071571981112,
  "mae": 34.07364887878095,
  "rmse": 45.531857135415926,
  "smape": 20.235364079129674
}