{
  "r2": 0.8979967328345392,
  "mae": 81.2347553077523,
  "rmse": 112.46749269988871,
  "smape": 15.31236819458221
}