{
  "r2": 0.7364409854243241,
  "mae": 10.417579097206922,
  "rmse": 13.763421120729143,
  "smape": 31.629995438815744
}