{
  "r2": 0.8533615940906923,
  "mae": 34.72448802522638,
  "rmse": 46.53361001775287,
  "smape": 20.638450776858093
}