{
  "r2": 0.8840071201575314,
  "mae": 85.00125821720471,
  "rmse": 119.93215507047663,
  "smape": 15.961298266226246
}