{
  "r2": 0.7318766222655715,
  "mae": 10.503985614807656,
  "rmse": 13.882088271802232,
  "smape": 31.782387256571027
}