model,window,r2,mae,rmse,smape
xgboost,1m,0.7318766222655715,10.503985614807656,13.882088271802232,31.782387256571027
xgboost,5m,0.8533615940906923,34.72448802522638,46.53361001775287,20.638450776858093
xgboost,15m,0.8840071201575314,85.00125821720471,119.93215507047663,15.961298266226246
