feature,importance
lag_requests_5m,0.50606084
rolling_mean_1h,0.21232857
rolling_max_1h,0.13249286
hour_sin,0.03113289
is_burst,0.03055106
lag_requests_15m,0.021105723
hour_cos,0.013195278
burst_ratio,0.010142575
hour_of_day,0.009624442
lag_requests_6h,0.009459199
lag_requests_1d,0.009358359
day_of_week,0.007904863
is_event,0.006643353
