{
  "REACTIVE_GRADUAL_INCREASE": {
    "total_cost": 1.7416666666666631,
    "average_pods": 2.09,
    "overprovision_ratio": 0.7020104961220717,
    "cost_per_timestep": 0.008708333333333316,
    "sla_violations": 0,
    "sla_violation_rate": 0.0,
    "mean_reaction_delay": 0.0,
    "scaling_events": 19,
    "oscillation_count": 0,
    "scale_out_ratio": 0.0,
    "scale_ups": 0,
    "scale_downs": 19,
    "mean_utilization": 0.29798950387792833,
    "max_utilization": 0.5472423547377337,
    "min_utilization": 0.04727440767036909,
    "total_timesteps": 200,
    "total": 951.7416666666667,
    "cost_component": 1.7416666666666667,
    "sla_component": 0.0,
    "stability_component": 950.0
  },
  "PREDICTIVE_GRADUAL_INCREASE": {
    "total_cost": 1.6666666666666632,
    "average_pods": 2.0,
    "overprovision_ratio": 0.6993155409432182,
    "cost_per_timestep": 0.008333333333333316,
    "sla_violations": 0,
    "sla_violation_rate": 0.0,
    "mean_reaction_delay": 0.0,
    "scaling_events": 1,
    "oscillation_count": 0,
    "scale_out_ratio": 0.0,
    "scale_ups": 0,
    "scale_downs": 1,
    "mean_utilization": 0.30068445905678176,
    "max_utilization": 0.5472423547377337,
    "min_utilization": 0.09454881534073818,
    "total_timesteps": 200,
    "total": 51.666666666666664,
    "cost_component": 1.6666666666666665,
    "sla_component": 0.0,
    "stability_component": 50.0
  },
  "CPU_BASED_GRADUAL_INCREASE": {
    "total_cost": 13.904166666666699,
    "average_pods": 16.685,
    "overprovision_ratio": 0.9647865950072887,
    "cost_per_timestep": 0.06952083333333349,
    "sla_violations": 0,
    "sla_violation_rate": 0.0,
    "mean_reaction_delay": 0.0,
    "scaling_events": 32,
    "oscillation_count": 0,
    "scale_out_ratio": 1.0,
    "scale_ups": 32,
    "scale_downs": 0,
    "mean_utilization": 0.035213404992711424,
    "max_utilization": 0.05472423547377338,
    "min_utilization": 0.02560666343053367,
    "total_timesteps": 200,
    "total": 1613.9041666666667,
    "cost_component": 13.904166666666669,
    "sla_component": 0.0,
    "stability_component": 1600.0
  },
  "HYBRID_GRADUAL_INCREASE": {
    "total_cost": 8.566666666666668,
    "average_pods": 10.28,
    "overprovision_ratio": 0.9180476260517142,
    "cost_per_timestep": 0.04283333333333334,
    "sla_violations": 0,
    "sla_violation_rate": 0.0,
    "mean_reaction_delay": 0.0,
    "scaling_events": 34,
    "oscillation_count": 0,
    "scale_out_ratio": 0.8823529411764706,
    "scale_ups": 30,
    "scale_downs": 4,
    "mean_utilization": 0.08195237394828574,
    "max_utilization": 0.39873479185317534,
    "min_utilization": 0.029264758206324192,
    "total_timesteps": 200,
    "total": 1708.5666666666666,
    "cost_component": 8.566666666666666,
    "sla_component": 0.0,
    "stability_component": 1700.0
  },
  "REACTIVE_SUDDEN_SPIKE": {
    "total_cost": 1.7416666666666631,
    "average_pods": 2.09,
    "overprovision_ratio": 0.867770588952347,
    "cost_per_timestep": 0.008708333333333316,
    "sla_violations": 0,
    "sla_violation_rate": 0.0,
    "mean_reaction_delay": 0.0,
    "scaling_events": 32,
    "oscillation_count": 0,
    "scale_out_ratio": 0.0,
    "scale_ups": 0,
    "scale_downs": 32,
    "mean_utilization": 0.132229411047653,
    "max_utilization": 0.7598423041348119,
    "min_utilization": 0.0461007672454022,
    "total_timesteps": 200,
    "total": 1601.7416666666666,
    "cost_component": 1.7416666666666667,
    "sla_component": 0.0,
    "stability_component": 1600.0
  },
  "PREDICTIVE_SUDDEN_SPIKE": {
    "total_cost": 1.6666666666666632,
    "average_pods": 2.0,
    "overprovision_ratio": 0.865277427277892,
    "cost_per_timestep": 0.008333333333333316,
    "sla_violations": 0,
    "sla_violation_rate": 0.0,
    "mean_reaction_delay": 0.0,
    "scaling_events": 1,
    "oscillation_count": 0,
    "scale_out_ratio": 0.0,
    "scale_ups": 0,
    "scale_downs": 1,
    "mean_utilization": 0.13472257272210805,
    "max_utilization": 0.7598423041348119,
    "min_utilization": 0.08852618874537926,
    "total_timesteps": 200,
    "total": 51.666666666666664,
    "cost_component": 1.6666666666666665,
    "sla_component": 0.0,
    "stability_component": 50.0
  },
  "CPU_BASED_SUDDEN_SPIKE": {
    "total_cost": 8.387500000000003,
    "average_pods": 10.065,
    "overprovision_ratio": 0.9723171750426418,
    "cost_per_timestep": 0.041937500000000016,
    "sla_violations": 0,
    "sla_violation_rate": 0.0,
    "mean_reaction_delay": 0.0,
    "scaling_events": 6,
    "oscillation_count": 0,
    "scale_out_ratio": 1.0,
    "scale_ups": 6,
    "scale_downs": 0,
    "mean_utilization": 0.02768282495735811,
    "max_utilization": 0.16885384536329154,
    "min_utilization": 0.016095670680978048,
    "total_timesteps": 200,
    "total": 308.3875,
    "cost_component": 8.3875,
    "sla_component": 0.0,
    "stability_component": 300.0
  },
  "HYBRID_SUDDEN_SPIKE": {
    "total_cost": 3.641666666666661,
    "average_pods": 4.37,
    "overprovision_ratio": 0.9291326104486964,
    "cost_per_timestep": 0.018208333333333306,
    "sla_violations": 0,
    "sla_violation_rate": 0.0,
    "mean_reaction_delay": 0.0,
    "scaling_events": 34,
    "oscillation_count": 0,
    "scale_out_ratio": 0.6764705882352942,
    "scale_ups": 23,
    "scale_downs": 11,
    "mean_utilization": 0.07086738955130349,
    "max_utilization": 0.37992115206740595,
    "min_utilization": 0.019929355020542713,
    "total_timesteps": 200,
    "total": 1703.6416666666667,
    "cost_component": 3.6416666666666666,
    "sla_component": 0.0,
    "stability_component": 1700.0
  },
  "REACTIVE_OSCILLATING": {
    "total_cost": 1.7416666666666631,
    "average_pods": 2.09,
    "overprovision_ratio": 0.7982310562189232,
    "cost_per_timestep": 0.008708333333333316,
    "sla_violations": 0,
    "sla_violation_rate": 0.0,
    "mean_reaction_delay": 0.0,
    "scaling_events": 30,
    "oscillation_count": 0,
    "scale_out_ratio": 0.0,
    "scale_ups": 0,
    "scale_downs": 30,
    "mean_utilization": 0.20176894378107682,
    "max_utilization": 0.37693186032366527,
    "min_utilization": 0.1,
    "total_timesteps": 200,
    "total": 1501.7416666666666,
    "cost_component": 1.7416666666666667,
    "sla_component": 0.0,
    "stability_component": 1500.0
  },
  "PREDICTIVE_OSCILLATING": {
    "total_cost": 1.6666666666666632,
    "average_pods": 2.0,
    "overprovision_ratio": 0.7913257464156568,
    "cost_per_timestep": 0.008333333333333316,
    "sla_violations": 0,
    "sla_violation_rate": 0.0,
    "mean_reaction_delay": 0.0,
    "scaling_events": 1,
    "oscillation_count": 0,
    "scale_out_ratio": 0.0,
    "scale_ups": 0,
    "scale_downs": 1,
    "mean_utilization": 0.20867425358434322,
    "max_utilization": 0.37693186032366527,
    "min_utilization": 0.1,
    "total_timesteps": 200,
    "total": 51.666666666666664,
    "cost_component": 1.6666666666666665,
    "sla_component": 0.0,
    "stability_component": 50.0
  },
  "CPU_BASED_OSCILLATING": {
    "total_cost": 13.312500000000039,
    "average_pods": 15.975,
    "overprovision_ratio": 0.9702359570926323,
    "cost_per_timestep": 0.06656250000000019,
    "sla_violations": 0,
    "sla_violation_rate": 0.0,
    "mean_reaction_delay": 0.0,
    "scaling_events": 19,
    "oscillation_count": 0,
    "scale_out_ratio": 1.0,
    "scale_ups": 19,
    "scale_downs": 0,
    "mean_utilization": 0.029764042907367658,
    "max_utilization": 0.12553553295953512,
    "min_utilization": 0.01,
    "total_timesteps": 200,
    "total": 963.3125,
    "cost_component": 13.3125,
    "sla_component": 0.0,
    "stability_component": 950.0
  },
  "HYBRID_OSCILLATING": {
    "total_cost": 3.783333333333325,
    "average_pods": 4.54,
    "overprovision_ratio": 0.8958215846340174,
    "cost_per_timestep": 0.018916666666666627,
    "sla_violations": 0,
    "sla_violation_rate": 0.0,
    "mean_reaction_delay": 0.0,
    "scaling_events": 34,
    "oscillation_count": 0,