{
  "REACTIVE": {
    "total_cost": 1.7416666666666631,
    "average_pods": 2.09,
    "overprovision_ratio": 0.7917480172831663,
    "cost_per_timestep": 0.008708333333333316,
    "sla_violations": 0.0,
    "sla_violation_rate": 0.0,
    "mean_reaction_delay": 0.0,
    "scaling_events": 29.2,
    "oscillation_count": 0.0,
    "scale_out_ratio": 0.0,
    "scale_ups": 0.0,
    "scale_downs": 29.2,
    "mean_utilization": 0.2082519827168336,
    "max_utilization": 0.4740234714199508,
    "min_utilization": 0.0600335880722115,
    "total_timesteps": 200.0
  },
  "PREDICTIVE": {
    "total_cost": 1.6666666666666632,
    "average_pods": 2.0,
    "overprovision_ratio": 0.7867337853298414,
    "cost_per_timestep": 0.008333333333333316,
    "sla_violations": 0.0,
    "sla_violation_rate": 0.0,
    "mean_reaction_delay": 0.0,
    "scaling_events": 1.0,
    "oscillation_count": 0.0,
    "scale_out_ratio": 0.0,
    "scale_ups": 0.0,
    "scale_downs": 1.0,
    "mean_utilization": 0.21326621467015863,
    "max_utilization": 0.4740234714199508,
    "min_utilization": 0.0805312490238071,
    "total_timesteps": 200.0
  },
  "CPU_BASED": {
    "total_cost": 12.161666666666694,
    "average_pods": 14.594,
    "overprovision_ratio": 0.9688501019825504,
    "cost_per_timestep": 0.060808333333333464,
    "sla_violations": 0.0,
    "sla_violation_rate": 0.0,
    "mean_reaction_delay": 0.0,
    "scaling_events": 22.0,
    "oscillation_count": 0.0,
    "scale_out_ratio": 0.925287356321839,
    "scale_ups": 20.0,
    "scale_downs": 2.0,
    "mean_utilization": 0.031149898017449672,
    "max_utilization": 0.11152696624396632,
    "min_utilization": 0.013008885203462361,
    "total_timesteps": 200.0
  },
  "HYBRID": {
    "total_cost": 5.519999999999998,
    "average_pods": 6.624,
    "overprovision_ratio": 0.9159742906733159,
    "cost_per_timestep": 0.027599999999999993,
    "sla_violations": 0.0,
    "sla_violation_rate": 0.0,
    "mean_reaction_delay": 0.0,
    "scaling_events": 34.0,
    "oscillation_count": 0.0,
    "scale_out_ratio": 0.776470588235294,
    "scale_ups": 26.4,
    "scale_downs": 7.6,
    "mean_utilization": 0.08402570932668404,
    "max_utilization": 0.33209244897090756,
    "min_utilization": 0.022907889471929854,
    "total_timesteps": 200.0
  }
}