{
  "timeframe": "15m",
  "features": [
    "is_burst",
    "burst_ratio",
    "is_event",
    "hour_of_day",
    "day_of_week",
    "hour_sin",
    "hour_cos",
    "lag_requests_1h",
    "lag_requests_1d",
    "rolling_mean_1h",
    "rolling_std_1h",
    "rolling_mean_5m",
    "rolling_std_5m"
  ],
  "hyperparameters": {
    "n_estimators": 200,
    "max_depth": 6,
    "learning_rate": 0.1,
    "subsample": 0.8,
    "colsample_bytree": 0.8,
    "random_state": 42,
    "verbosity": 0
  },
  "train_size": 4035,
  "validation_size": 1009,
  "test_size": 908,
  "metrics": {
    "validation": {
      "mae": 74.40880424416336,
      "rmse": 99.07860377965015,
      "r2": 0.8686458482620831,
      "smape": 17.071271970005004
    },
    "test": {
      "mae": 86.51980590820312,
      "rmse": 126.77313875950811,
      "r2": 0.8707326650619507,
      "smape": 16.061672100674667
    }
  }
}